"pid","location","lat","lon"
9000,"269 VIEW ST",41.2637087,-72.8940263
9001,"283 VIEW ST",41.26357,-72.893978
9002,"287 VIEW ST",41.2634503,-72.8938513
9003,"291 VIEW ST",41.263327,-72.8937698
9004,"295 VIEW ST",41.263215,-72.893738
9005,"307 VIEW ST",41.263274,-72.894018
9006,"98 ROCK ST",41.2635122,-72.8927652
9007,"76 RIDGE ST",41.263199,-72.8942129
9008,"70 RIDGE ST",41.2635122,-72.8927652
9009,"66 RIDGE ST",41.2629792,-72.8942991
9010,"62 RIDGE ST",41.262897,-72.894596
9011,"58 RIDGE ST",41.26307,-72.894648
9012,"38 RIDGE ST",41.263182,-72.894708
9013,"50 RIDGE ST",41.263277,-72.894789
9014,"46 RIDGE ST",41.263435,-72.894718
9015,"44 RIDGE ST",41.263503,-72.894833
9016,"40 RIDGE ST",41.263574,-72.894935
9017,"3 RIDGE ST",41.263667,-72.894992
9018,"7 RIDGE ST",41.263708,-72.8951809
9019,"15 RIDGE ST",41.26375,-72.89532
9020,"17 RIDGE ST",41.263839,-72.895389
9021,"21 RIDGE ST",41.2642809,-72.893995
9022,"27 RIDGE ST",41.264335,-72.893826
9023,"31 RIDGE ST",41.2644244,-72.893732
9024,"41 RIDGE ST",41.264417,-72.893579
9025,"51 RIDGE ST",41.2645071,-72.8934894
9026,"61 RIDGE ST",41.264184,-72.8934589
9027,"76 ROCK ST",41.264019,-72.893367
9028,"72 ROCK ST",41.263897,-72.893297
9029,"68 ROCK ST",41.2637789,-72.8931717
9030,"64 GRACE ST",41.2636077,-72.8931106
9031,"178 CEDAR HILL AV",41.2633745,-72.8933949
9032,"174 CEDAR HILL AV",41.2635772,-72.8935124
9033,"172 CEDAR HILL AV",41.263722,-72.893561
9034,"168 CEDAR HILL AV",41.26383,-72.893633
9035,"164 CEDAR HILL AV",41.2639042,-72.8937705
9036,"160 CEDAR HILL AV",41.2639987,-72.8938162
9037,"158 CEDAR HILL AV",41.2641132,-72.8938833
9038,"156 CEDAR HILL AV",41.264176,-72.892867
9039,"154 CEDAR HILL AV",41.264195,-72.892629
9040,"150 CEDAR HILL AV",41.264217,-72.892478
9041,"142 CEDAR HILL AV",41.2643922,-72.8922036
9042,"138 CEDAR HILL AV",41.2646095,-72.8916084
9043,"136 CEDAR HILL AV",41.2646616,-72.8914582
9044,"134 CEDAR HILL AV",41.2643509,-72.8913915
9045,"130 CEDAR HILL AV",41.2641948,-72.8914856
9046,"126 CEDAR HILL AV",41.2641471,-72.8916459
9047,"118 CEDAR HILL AV",41.264122,-72.89183
9048,"116 CEDAR HILL AV",41.2640148,-72.8919372
9049,"114 CEDAR HILL AV",41.263995,-72.892151
9050,"112 CEDAR HILL AV",41.2638795,-72.8922634
9051,"29 WARREN PL",41.2638241,-72.8924209
9052,"123 CEDAR HILL AV",41.2637556,-72.892661
9053,"125 CEDAR HILL AV",41.26397,-72.892666
9054,"127 CEDAR HILL AV",41.2640514,-72.8928179
9055,"129 CEDAR HILL AV",41.261822,-72.894354
9056,"131 CEDAR HILL AV",41.2741667,-72.896459
9057,"26 MAY ST",41.261645,-72.894237
9058,"22 MAY ST",41.2614919,-72.894136
9059,"20 MAY ST",41.261365,-72.894069
9060,"1318 STATE ST",41.261234,-72.893993
9061,"1314 STATE ST",41.261058,-72.893879
9062,"1312 STATE ST",41.2741667,-72.896459
9063,"1308 STATE ST",41.260798,-72.893756
9064,"1306 STATE ST",41.260621,-72.893683
9065,"1296 STATE ST",41.260439,-72.893613
9066,"9 WARREN PL",41.260255,-72.893529
9067,"15 WARREN PL",41.260152,-72.893476
9068,"19 WARREN PL",41.260039,-72.893409
9069,"25 WARREN PL",41.25992,-72.893342
9070,"27 WARREN PL",41.2741667,-72.896459
9071,"145 CEDAR HILL AV",41.259798,-72.893271
9072,"155 CEDAR HILL AV",41.25968,-72.8932109
9073,"157 CEDAR HILL AV",41.261347,-72.890903
9074,"161 CEDAR HILL AV",41.2614112,-72.8911774
9075,"165 CEDAR HILL AV",41.26109,-72.891091
9076,"171 CEDAR HILL AV",41.2607659,-72.891126
9077,"175 CEDAR HILL AV",41.2609262,-72.8910232
9078,"179 CEDAR HILL AV",41.260608,-72.891125
9079,"32 GRACE ST",41.260423,-72.891096
9080,"30 GRACE ST",41.26025,-72.891036
9081,NA,41.260062,-72.891002
9082,"26 GRACE ST",41.259897,-72.890935
9083,"14 GRACE ST",41.2597669,-72.890877
9084,"6 GRACE ST",41.2596369,-72.8907702
9085,"1346 STATE ST",41.259519,-72.890749
9086,"1344 STATE ST",41.2594047,-72.89055
9087,"1332 STATE ST",41.259257,-72.890613
9088,"1330 STATE ST",41.259132,-72.890509
9089,"1326 STATE ST",41.25884,-72.8901872
9090,"1324 STATE ST",41.2587538,-72.890312
9091,"1322 STATE ST",41.2586827,-72.8904674
9092,"1 MAY ST",41.2585781,-72.890599
9093,"5 MAY ST",41.258426,-72.890833
9094,"9 MAY ST",41.258612,-72.890906
9095,"13 MAY ST",41.258773,-72.890885
9096,"51 GRACE ST",41.2588777,-72.8910415
9097,"45 GRACE ST",41.259022,-72.890998
9098,"39 GRACE ST",41.259156,-72.891097
9099,"33 GRACE ST",41.2592877,-72.8912647
9100,"31 GRACE ST",41.2594414,-72.8913116
9101,"16 ROCK ST",41.2595974,-72.8913782
9102,"18 ROCK ST",41.2597497,-72.8914356
9103,"24 ROCK ST",41.259897,-72.8915289
9104,"26 ROCK ST",41.2600309,-72.8915985
9105,"1384 STATE ST",41.2601763,-72.891644
9106,"1380 STATE ST",41.260325,-72.891603
9107,"1376 STATE ST",41.260442,-72.891653
9108,"STATE ST",41.2605549,-72.891718
9109,"1372 STATE ST",41.260675,-72.891746
9110,"1368 STATE ST",41.260789,-72.891751
9111,"1362 STATE ST",41.260913,-72.891743
9112,"9 GRACE ST",41.261052,-72.891739
9113,"15 GRACE ST",41.261186,-72.891749
9114,"17 GRACE ST",41.261322,-72.8919195
9115,"1400 STATE ST",41.261438,-72.891835
9116,"31 ROCK ST",41.261351,-72.891444
9117,"1309 STATE ST",41.261003,-72.892323
9118,"1329 STATE ST",41.2608236,-72.8923386
9119,"375 JAMES ST",41.260687,-72.892633
9120,"JAMES ST",41.260454,-72.892509
9121,"407 JAMES ST",41.2603242,-72.8922606
9122,"JAMES ST",41.2608936,-72.8922159
9123,"140 MONROE ST",41.260007,-72.89267
9124,"148 MONROE ST",41.260103,-72.892739
9125,"156 MONROE ST",41.2741667,-72.896459
9126,"542 LOMBARD ST",41.26027,-72.892982
9127,"550 LOMBARD ST",41.260449,-72.893022
9128,"558 LOMBARD ST",41.260678,-72.8931489
9129,"568 LOMBARD ST",41.260834,-72.893179
9130,"138 MONROE ST #A",41.260971,-72.893311
9131,"138 MONROE ST #B",41.260988,-72.89305
9132,"138 MONROE ST #C",41.2610295,-72.8928682
9133,"138 MONROE ST #D",41.2610569,-72.8926979
9134,"138 MONROE ST #E",41.2610348,-72.8925001
9135,"138 MONROE ST #F",41.262487,-72.892437
9136,"138 MONROE ST #G",41.262227,-72.892532
9137,"136 MONROE ST",41.262106,-72.892537
9138,"134 MONROE ST",41.261985,-72.892531
9139,"128 MONROE ST",41.261862,-72.892533
9140,"124 MONROE ST",41.261734,-72.892529
9141,"120 MONROE ST",41.2615917,-72.8924043
9142,"118 MONROE ST",41.261398,-72.892341
9143,"13 ALTON ST",41.2613828,-72.8925261
9144,"15 ALTON ST",41.261414,-72.892702
9145,"17 ALTON ST",41.261413,-72.8929069
9146,"19 ALTON ST",41.2613239,-72.8930666
9147,"21 ALTON ST",41.261727,-72.893044
9148,"57 MAIN ST",41.261238,-72.893407
9149,"59 MAIN ST",41.261365,-72.8934979
9150,"61 MAIN ST",41.261504,-72.893539
9151,"63 MAIN ST",41.261621,-72.893603
9152,"65 MAIN ST",41.261777,-72.893584
9153,"67 MAIN ST",41.261898,-72.8938529
9154,"69 MAIN ST",41.262088,-72.893973
9155,"71 MAIN ST",41.262078,-72.893348
9156,"73 MAIN ST",41.262229,-72.893426
9157,"75 MAIN ST",41.262298,-72.893157
9158,"89 MAIN ST",41.2624271,-72.8929603
9159,"1219 STATE ST",41.2624489,-72.8927903
9160,"492 BLATCHLEY AV",41.262437,-72.892644
9161,"341 PECK ST",41.262456,-72.892571
9162,"345 PECK ST",41.2621333,-72.8908423
9163,"349 PECK ST",41.2617822,-72.8908611
9164,"355 PECK ST",41.2617709,-72.891059
9165,"361 PECK ST",41.261787,-72.891457
9166,"365 PECK ST",41.2617766,-72.891248
9167,"369 PECK ST",41.261762,-72.891795
9168,"377 PECK ST",41.261916,-72.891869
9169,"385 PECK ST",41.262021,-72.891874
9170,"391 PECK ST",41.262132,-72.8918769
9171,"397 PECK ST",41.262057,-72.891619
9172,"585 LOMBARD ST",41.262061,-72.8914719
9173,"599 LOMBARD ST",41.262062,-72.891324
9174,"1175 STATE ST",40.6004643,-73.752093
9175,NA,41.2621217,-72.8910489
9176,"372 PECK ST",41.2632153,-72.8907961
9177,"176 MONROE ST",41.2628778,-72.8908093
9178,"180 MONROE ST",41.262725,-72.890896
9179,"186 MONROE ST",41.2624455,-72.8908256
9180,"529 LOMBARD ST",41.2624482,-72.891052
9181,"MONROE ST",41.262523,-72.891283
9182,"533 LOMBARD ST",41.2624262,-72.8915424
9183,"539 LOMBARD ST",41.26244,-72.891887
9184,"545 LOMBARD ST",41.2626224,-72.8919697
9185,"549 LOMBARD ST",41.2627347,-72.8920382
9186,"555 LOMBARD ST",41.26281,-72.8917419
9187,"559 LOMBARD ST",41.2629277,-72.8915955
9188,"115 MAIN ST",41.262904,-72.891381
9189,"BLATCHLEY AV",41.2630954,-72.8911418
9190,"464 BLATCHLEY AV",41.263142,-72.890938
9191,"460 BLATCHLEY AV",40.6004643,-73.752093
9192,"458 BLATCHLEY AV",40.6004643,-73.752093
9193,"505 LOMBARD ST",40.6004643,-73.752093
9194,"515 LOMBARD ST",41.2565189,-72.8932883
9195,"360 PECK ST",41.2595529,-72.893141
9196,"56 MALTBY PL",41.259434,-72.893077
9197,"52 MALTBY PL",41.259326,-72.893012
9198,"48 MALTBY PL",41.259219,-72.892956
9199,"44 MALTBY PL",41.259107,-72.892892
9200,"40 MALTBY PL",41.258989,-72.892824
9201,"36 MALTBY PL",41.258867,-72.892747
9202,"32 MALTBY PL",41.2587509,-72.892746
9203,"28 MALTBY PL",41.2586609,-72.89272
9204,"24 MALTBY PL",41.258557,-72.892733
9205,"20 MALTBY PL",41.25845,-72.89279
9206,"16 MALTBY PL",41.258349,-72.89279
9207,"14 MALTBY PL",41.258216,-72.892821
9208,"379 GRAND AV",41.258057,-72.892854
9209,"381 GRAND AV",41.257888,-72.892857
9210,"383 GRAND AV #383A",41.257733,-72.892937
9211,"383 GRAND AV #383B",41.257366,-72.893027
9212,"385 GRAND AV #385A",40.6004643,-73.752093
9213,"385 GRAND AV #385B",41.257416,-72.891313
9214,"387 GRAND AV #387A",41.257181,-72.891198
9215,"387 GRAND AV #387B",41.2741667,-72.896459
9216,"389 GRAND AV #389A",41.257034,-72.891113
9217,"389 GRAND AV #389B",41.256922,-72.891096
9218,"391 GRAND AV #391A",41.256806,-72.8911
9219,"391 GRAND AV #391B",41.256687,-72.891148
9220,"393 GRAND AV #393A",41.256582,-72.891244
9221,"393 GRAND AV #393B",41.2564629,-72.891314
9222,"395 GRAND AV #395A",41.256334,-72.891388
9223,"395 GRAND AV #395B",41.256206,-72.891466
9224,"397 GRAND AV #397",41.256082,-72.891543
9225,"JAMES ST",41.255957,-72.891614
9226,"235 JAMES ST",41.256104,-72.892045
9227,"239 JAMES ST",41.25623,-72.8919729
9228,"245 JAMES ST",41.25639,-72.891875
9229,"249 JAMES ST",40.6004643,-73.752093
9230,"253 JAMES ST",41.256579,-72.891763
9231,"257 JAMES ST",41.256727,-72.891676
9232,"263 JAMES ST",41.256849,-72.891604
9233,"265 JAMES ST",41.256989,-72.891542
9234,"267 JAMES ST",41.257135,-72.8914914
9235,"174 CLAY ST",41.257295,-72.891425
9236,"276 LLOYD ST",41.2584665,-72.8921184
9237,"274 LLOYD ST",41.2582961,-72.8920724
9238,"272 LLOYD ST",41.2581877,-72.8919453
9239,"270 LLOYD ST",41.2741667,-72.896459
9240,"268 LLOYD ST",41.2580953,-72.8918718
9241,"266 LLOYD ST",41.2578918,-72.8917849
9242,"264 LLOYD ST",41.257752,-72.891994
9243,"262 LLOYD ST",41.257581,-72.891851
9244,"260 LLOYD ST",41.2574443,-72.891883
9245,"258 LLOYD ST",41.25732,-72.891989
9246,"256 LLOYD ST",41.25719,-72.892056
9247,"254 LLOYD ST",41.257008,-72.892159
9248,"341 GRAND AV",41.2570175,-72.8925096
9249,"347 GRAND AV",41.2572092,-72.8924316
9250,"353 GRAND AV",41.2573689,-72.8923807
9251,"359 GRAND AV",41.257502,-72.892352
9252,"369 GRAND AV",41.2576411,-72.8923133
9253,"375 GRAND AV",41.2579684,-72.8922068
9254,"9 MALTBY PL",41.2578682,-72.8924565
9255,"15 MALTBY PL",41.2578682,-72.8924565
9256,"19 MALTBY PL",41.2578682,-72.8924565
9257,"23 MALTBY PL",40.6004643,-73.752093
9258,"27 MALTBY PL",41.259882,-72.892086
9259,"31 MALTBY PL",41.259733,-72.892067
9260,"35 MALTBY PL",41.2596029,-72.8919625
9261,"39 MALTBY PL",41.2594629,-72.8919109
9262,"43 MALTBY PL",41.259362,-72.891858
9263,"47 MALTBY PL",40.6004643,-73.752093
9264,"51 MALTBY PL",41.2591682,-72.8917065
9265,"55 MALTBY PL",41.259011,-72.891668
9266,"42 SHELTER ST",41.2588629,-72.8915368
9267,"40 SHELTER ST",41.2581649,-72.8914099
9268,"36 SHELTER ST",41.2581649,-72.8914099
9269,"32 SHELTER ST",41.258293,-72.8914269
9270,"30 SHELTER ST",41.258372,-72.891464
9271,"26 SHELTER ST",41.258474,-72.891518
9272,"24 SHELTER ST",41.258627,-72.891608
9273,"22 SHELTER ST",41.2741667,-72.896459
9274,"18 SHELTER ST",41.258801,-72.891861
9275,"16 SHELTER ST",41.258944,-72.89197
9276,"14 SHELTER ST",41.259039,-72.892036
9277,"12 SHELTER ST",41.259133,-72.892102
9278,"8 SHELTER ST",41.259227,-72.892169
9279,"329 GRAND AV",41.259323,-72.892233
9280,"331 GRAND AV",41.25942,-72.892299
9281,"333 GRAND AV",41.259556,-72.892399
9282,"337 GRAND AV",41.2597189,-72.8924569
9283,"255 LLOYD ST",41.259816,-72.892527
9284,"257 LLOYD ST",41.255806,-72.892116
9285,"259 LLOYD ST",41.255569,-72.891735
9286,"267 LLOYD ST",41.2534301,-72.8948755
9287,"271 LLOYD ST",41.2533095,-72.8948045
9288,"273 LLOYD ST",41.2534184,-72.894516
9289,"275 LLOYD ST",41.2534388,-72.8942159
9290,"281 LLOYD ST",41.2535295,-72.8950776
9291,"287 LLOYD ST",41.2528114,-72.8936369
9292,"291 LLOYD ST",40.6004643,-73.752093
9293,"295 LLOYD ST",40.6004643,-73.752093
9294,"290 BLATCHLEY AV",41.2529026,-72.8938594
9295,"296 BLATCHLEY AV",41.25278,-72.894071
9296,"282 BLATCHLEY AV",41.2528874,-72.8943071
9297,"280 BLATCHLEY AV",41.2529568,-72.8944804
9298,"276 BLATCHLEY AV",41.2530159,-72.8946533
9299,"274 BLATCHLEY AV",41.253096,-72.894835
9300,NA,41.2552068,-72.8930384
9301,"266 BLATCHLEY AV",41.2549191,-72.8931334
9302,"264 BLATCHLEY AV",41.2548315,-72.8928862
9303,"258 BLATCHLEY AV",41.2546996,-72.8928192
9304,"256 BLATCHLEY AV",41.254573,-72.892843
9305,"305 GRAND AV",41.2546889,-72.8932209
9306,"309 GRAND AV",41.2542202,-72.8930359
9307,"313 GRAND AV",41.254307,-72.8926455
9308,"317 GRAND AV",41.254187,-72.892685
9309,"321 GRAND AV",41.254048,-72.89261
9310,"9 SHELTER ST",41.2538674,-72.8925196
9311,"11 SHELTER ST",41.253699,-72.892625
9312,"15 SHELTER ST",41.253519,-72.8926649
9313,"21 SHELTER ST",41.2533478,-72.892663
9314,"23 SHELTER ST",41.253176,-72.892776
9315,"25 SHELTER ST",40.6004643,-73.752093
9316,"29 SHELTER ST",40.6004643,-73.752093
9317,"33 SHELTER ST",40.6004643,-73.752093
9318,"37 SHELTER ST",41.2537859,-72.8940747
9319,"41 SHELTER ST",41.2537643,-72.8943551
9320,NA,41.2537013,-72.8948761
9321,"51 SHELTER ST",41.253837,-72.8948971
9322,"53 SHELTER ST",41.2539679,-72.8948703
9323,"36 MONROE ST",41.2541047,-72.8948948
9324,"32 MONROE ST",41.2542362,-72.8949442
9325,"30 MONROE ST",41.2543677,-72.8949902
9326,"26 MONROE ST",41.2545208,-72.8949671
9327,"99 CLAY ST",41.2547732,-72.8950424
9328,"105 CLAY ST",41.2548039,-72.8948695
9329,"107 CLAY ST",41.2548469,-72.8946736
9330,"111 CLAY ST",41.2546236,-72.8944244
9331,"115 CLAY ST",41.2544752,-72.8944131
9332,"117 CLAY ST",41.2543309,-72.8943365
9333,"123 CLAY ST",41.2541895,-72.894256
9334,"125 CLAY ST",41.2540141,-72.8942683
9335,"127 CLAY ST",41.2541683,-72.8940425
9336,"129 CLAY ST",41.2540448,-72.893706
9337,"131 CLAY ST",41.2542307,-72.8937751
9338,"133 CLAY ST",41.2543595,-72.8938893
9339,"CLAY ST",41.2545093,-72.8939785
9340,"147 CLAY ST",41.2541683,-72.8940425
9341,"149 CLAY ST",41.2546637,-72.8940412
9342,"151 CLAY ST",41.2549756,-72.8940291
9343,"153 CLAY ST",41.255033,-72.8937456
9344,"157 CLAY ST",41.2550644,-72.8935391
9345,"161 CLAY ST",41.255137,-72.893178
9346,"165 CLAY ST",41.255576,-72.892397
9347,"167 CLAY ST",40.6004643,-73.752093
9348,"169 CLAY ST",40.6004643,-73.752093
9349,"171 CLAY ST",41.2436616,-72.981009
9350,"175 CLAY ST",41.2434111,-72.9804388
9351,"271 JAMES ST",41.2432994,-72.9801825
9352,NA,41.2432674,-72.980109
9353,"275 JAMES ST",41.2428846,-72.9792255
9354,"279 JAMES ST",41.2428046,-72.9790395
9355,"281 JAMES ST",41.2427955,-72.9790186
9356,"283 JAMES ST",41.2427502,-72.9789145
9357,"285 JAMES ST",41.2426867,-72.9787687
9358,"287 JAMES ST",41.2422102,-72.9776754
9359,"64 MARKET ST",41.253426,-72.89119
9360,"60 MARKET ST",41.25335,-72.891341
9361,"56 MARKET ST",41.253282,-72.891503
9362,"52 MARKET ST",41.2531612,-72.8919516
9363,"48 MARKET ST",41.253217,-72.891696
9364,"40 MARKET ST",41.253161,-72.892281
9365,"36 MARKET ST",41.253413,-72.891992
9366,"34 MARKET ST",41.253573,-72.8919669
9367,"32 MARKET ST",41.253792,-72.891963
9368,"24 MARKET ST",41.254024,-72.891975
9369,"22 MARKET ST",41.649399,-75.457809
9370,"18 MARKET ST",41.2543,-72.89209
9371,"16 MARKET ST",41.254427,-72.892146
9372,"14 MARKET ST",41.254556,-72.8922089
9373,NA,41.254684,-72.8922709
9374,"52 MONROE ST",41.254858,-72.892358
9375,"20 MAIN ST",41.2550524,-72.8924956
9376,"16 MAIN ST",41.2551481,-72.892607
9377,"12 MAIN ST",40.6004643,-73.752093
9378,"61 MARKET ST",41.255424,-72.8925919
9379,"63 MARKET ST",40.6004643,-73.752093
9380,"67 MARKET ST",41.255517,-72.895095
9381,"307 JAMES ST",41.2551811,-72.8953625
9382,"311 JAMES ST",41.2551618,-72.8955708
9383,"315 JAMES ST",41.2550756,-72.8959079
9384,"317 JAMES ST",41.2550088,-72.8961772
9385,"325 JAMES ST",41.2548596,-72.8963553
9386,"327 JAMES ST",41.2551834,-72.8963786
9387,"329 JAMES ST",41.2552704,-72.8961656
9388,"333 JAMES ST",41.2553271,-72.8965905
9389,"76 MONROE ST",41.2553154,-72.8958652
9390,"70 MONROE ST",NA,NA
9391,"66 MONROE ST",41.255431,-72.895263
9392,"62 MONROE ST",41.256543,-72.893833
9393,"58 MONROE ST",41.2562698,-72.8939711
9394,"54 MONROE ST",41.256408,-72.894193
9395,"17 MARKET ST",41.256313,-72.894353
9396,"23 MARKET ST",41.256248,-72.894466
9397,"25 MARKET ST",41.256186,-72.894602
9398,"31 MARKET ST",41.256123,-72.894749
9399,"37 MARKET ST",41.256026,-72.894873
9400,"41 MARKET ST",41.2559063,-72.8951612
9401,"59 MARKET ST",40.6004643,-73.752093
9402,"5 MAIN ST",40.6004643,-73.752093
9403,"9 MAIN ST",41.25592,-72.895554
9404,"17 MAIN ST",41.255798,-72.8957215
9405,"21 MAIN ST",41.2556788,-72.8958854
9406,"30 CASTLE ST",41.2555051,-72.8958896
9407,"26 CASTLE ST",41.2554641,-72.8960658
9408,"20 CASTLE ST",41.2553271,-72.8965905
9409,"18 CASTLE ST",41.2553271,-72.8965905
9410,"16 CASTLE ST",41.2554015,-72.8963345
9411,"355 JAMES ST",41.2559449,-72.892757
9412,"JAMES ST",41.255814,-72.892811
9413,"98 MONROE ST",41.255699,-72.892889
9414,"3 CASTLE ST",41.2555715,-72.8930094
9415,"13 CASTLE ST",41.25561,-72.893189
9416,"19 CASTLE ST",41.255499,-72.8932987
9417,"27 CASTLE ST",41.255482,-72.8938359
9418,"27 MAIN ST",41.2553658,-72.8940023
9419,"39 MAIN ST",41.2553367,-72.8941964
9420,"45 MAIN ST",41.2553134,-72.8943433
9421,"49 MAIN ST",41.2552764,-72.8944937
9422,NA,41.255247,-72.8946982
9423,"18 ALTON ST",41.2551698,-72.8949301
9424,"14 ALTON ST",41.2555369,-72.894651
9425,"12 ALTON ST",41.2556719,-72.8944719
9426,"122 LLOYD ST",41.2558584,-72.8941953
9427,"118 LLOYD ST",41.2558955,-72.8940012
9428,"114 LLOYD ST",41.2557199,-72.89364
9429,"108 LLOYD ST",41.2560523,-72.8934475
9430,"106 LLOYD ST",41.25595,-72.893091
9431,"205 CHAPEL ST",41.255961,-72.892942
9432,"209 CHAPEL ST",41.251269,-72.894222
9433,"211 CHAPEL ST",41.2530157,-72.892575
9434,"219 CHAPEL ST",41.251688,-72.894063
9435,"225 CHAPEL ST",41.251824,-72.894008
9436,"227 CHAPEL ST",41.252127,-72.893801
9437,"231 CHAPEL ST",41.2524159,-72.893547
9438,"237 CHAPEL ST",41.2530157,-72.892575
9439,"243 CHAPEL ST",41.2526918,-72.8934947
9440,"247 CHAPEL ST",41.2530157,-72.892575
9441,"255 CHAPEL ST",41.2530157,-72.892575
9442,"61 JAMES ST",41.25091,-72.89363
9443,"63 JAMES ST",41.2530157,-72.892575
9444,"212 SALTONSTALL AV",41.251201,-72.89353
9445,"206 SALTONSTALL AV",41.251313,-72.893405
9446,"200 SALTONSTALL AV",40.6004643,-73.752093
9447,"194 SALTONSTALL AV",41.251496,-72.893087
9448,"190 SALTONSTALL AV",41.2530157,-72.892575
9449,"186 SALTONSTALL AV",41.251754,-72.892964
9450,"182 SALTONSTALL AV",43.5264207,-75.9151313
9451,"178 SALTONSTALL AV",41.252716,-72.89257
9452,"174 SALTONSTALL AV",41.252725,-72.892236
9453,"170 SALTONSTALL AV",41.994138,-73.6287119
9454,"166 SALTONSTALL AV",41.2515173,-72.8924643
9455,"120 BLATCHLEY AV",44.8327968,-71.0753417
9456,"116 BLATCHLEY AV",41.250456,-72.89298
9457,"114 BLATCHLEY AV",41.250664,-72.892957
9458,"110 BLATCHLEY AV",41.250861,-72.892951
9459,"106 BLATCHLEY AV",41.250985,-72.893126
9460,"167 CHAPEL ST",41.2515173,-72.8924643
9461,"171A CHAPEL ST",35.64244,-78.249528
9462,"177 CHAPEL ST",34.965829,-92.413468
9463,"179 CHAPEL ST",41.252358,-72.891884
9464,"181 CHAPEL ST",41.2522016,-72.8916367
9465,"183 CHAPEL ST",41.2520284,-72.8914439
9466,"185 CHAPEL ST",40.6004643,-73.752093
9467,"109 LLOYD ST",41.2506437,-72.8976192
9468,"111 LLOYD ST",41.2518413,-72.8913066
9469,"113 LLOYD ST",41.251448,-72.891093
9470,"115 LLOYD ST",43.5272749,-75.9152073
9471,"117 LLOYD ST",44.8327968,-71.0753417
9472,"119 LLOYD ST",41.251719,-72.892203
9473,"140 SALTONSTALL AV",40.6004643,-73.752093
9474,"136 SALTONSTALL AV",34.969289,-92.413436
9475,"132 SALTONSTALL AV",41.252854,-72.891418
9476,"128 SALTONSTALL AV",41.252766,-72.891679
9477,"156 WOLCOTT ST",41.252955,-72.891215
9478,"154 LLOYD ST",41.2416934,-72.9764978
9479,"152 LLOYD ST",41.2414081,-72.9762844
9480,"148 LLOYD ST",41.2414175,-72.9758623
9481,"144 LLOYD ST",41.2411734,-72.9753403
9482,"142 LLOYD ST",41.252035,-72.89088
9483,"140 LLOYD ST",41.2407274,-72.9745575
9484,NA,41.5658857,-72.8741861
9485,"163 SALTONSTALL AV",41.2405085,-72.9741768
9486,"167 SALTONSTALL AV",41.2402011,-72.9736412
9487,"171 SALTONSTALL AV",41.2401098,-72.9734821
9488,"175 SALTONSTALL AV",41.5658857,-72.8741861
9489,"179 SALTONSTALL AV",41.2529599,-72.8920904
9490,NA,41.2529599,-72.8920904
9491,"187 SALTONSTALL AV",41.2529599,-72.8920904
9492,"191 SALTONSTALL AV",41.2529599,-72.8920904
9493,"195 SALTONSTALL AV",41.252232,-72.891069
9494,"199 SALTONSTALL AV",41.252435,-72.891215
9495,"203 SALTONSTALL AV",41.252603,-72.89133
9496,NA,41.253965,-72.9003649
9497,NA,41.2536686,-72.9000988
9498,NA,41.253518,-72.900064
9499,NA,41.253395,-72.899981
9500,NA,41.2533029,-72.8998143
9501,"207 SALTONSTALL AV",41.2531796,-72.8997676
9502,"211 SALTONSTALL AV",41.253451,-72.8983155
9503,"213 SALTONSTALL AV",41.2535892,-72.8981326
9504,NA,41.2536797,-72.8979495
9505,"83 JAMES ST",41.2537735,-72.8977972
9506,"89 JAMES ST",41.2538536,-72.8977083
9507,"95 JAMES ST",41.2539011,-72.8975503
9508,"99 JAMES ST",41.2540121,-72.8973503
9509,"101 JAMES ST",41.254118,-72.897181
9510,"103 JAMES ST",41.2543026,-72.8969938
9511,"109 JAMES ST",41.2543719,-72.896786
9512,NA,41.2544172,-72.8965968
9513,"210 WOLCOTT ST",41.2541386,-72.8966796
9514,"202 WOLCOTT ST",41.2540094,-72.896693
9515,"198 WOLCOTT ST",41.253831,-72.897023
9516,"194 WOLCOTT ST",41.2536699,-72.8972367
9517,NA,41.2535095,-72.8974963
9518,NA,41.25339,-72.897708
9519,NA,41.253269,-72.897887
9520,NA,41.253154,-72.89806
9521,NA,41.253164,-72.898674
9522,NA,41.253266,-72.8963657
9523,"178 WOLCOTT ST",41.2533337,-72.8960235
9524,"176 WOLCOTT ST",41.2533645,-72.8957753
9525,"172 WOLCOTT ST",41.253384,-72.8954941
9526,"168 WOLCOTT ST",41.253349,-72.895262
9527,"164 WOLCOTT ST",41.253071,-72.89532
9528,"160 WOLCOTT ST",41.253051,-72.895591
9529,"160 BLATCHLEY AV",41.253041,-72.89578
9530,"158 BLATCHLEY AV",41.253029,-72.89596
9531,"154 BLATCHLEY AV",41.253014,-72.896156
9532,"150 BLATCHLEY AV",41.252997,-72.896375
9533,"146 BLATCHLEY AV",41.2544389,-72.8959736
9534,"138 BLATCHLEY AV",41.2546966,-72.895495
9535,"128 BLATCHLEY AV",41.254698,-72.895364
9536,"126 BLATCHLEY AV",41.2544889,-72.8954031
9537,"127 SALTONSTALL AV",41.254346,-72.895434
9538,"131 SALTONSTALL AV",41.2542015,-72.895364
9539,"135 SALTONSTALL AV",41.2540703,-72.8953733
9540,"139 SALTONSTALL AV",41.2535295,-72.8950776
9541,"143 SALTONSTALL AV",41.2539376,-72.8953734
9542,"147 SALTONSTALL AV",41.253724,-72.895382
9543,"151 SALTONSTALL AV",41.2536727,-72.8956599
9544,"131 LLOYD ST",41.2536574,-72.8958242
9545,"135 LLOYD ST",41.253685,-72.8959556
9546,"137 LLOYD ST",41.2537621,-72.896334
9547,"LLOYD ST",41.2536178,-72.896258
9548,"143 LLOYD ST",41.2538639,-72.8962074
9549,"139 LLOYD ST",41.2540082,-72.8962387
9550,"LLOYD ST",41.2541431,-72.896222
9551,"147 LLOYD ST",41.4629037,-72.6799722
9552,"153 LLOYD ST",41.2553271,-72.8965905
9553,"155 LLOYD ST",41.4625379,-72.6802596
9554,"159 LLOYD ST",41.3980752,-73.0668658
9555,"163 LLOYD ST",41.25394,-72.899186
9556,"140 WOLCOTT ST",41.2540539,-72.898945
9557,"136 WOLCOTT ST",41.2542091,-72.8987087
9558,"132 WOLCOTT ST",41.2543491,-72.8984008
9559,"128 WOLCOTT ST",41.2540942,-72.8980817
9560,"302 EXCHANGE ST",41.2539836,-72.8982283
9561,"182 LLOYD ST",41.2538951,-72.8983682
9562,"176 LLOYD ST",41.2538134,-72.8984851
9563,NA,41.2537509,-72.8986513
9564,"170 LLOYD ST",41.2536447,-72.8987548
9565,"168 LLOYD ST",41.2535674,-72.898925
9566,"163 WOLCOTT ST",41.2534851,-72.8990763
9567,"167 WOLCOTT ST",41.253501,-72.89926
9568,"171 WOLCOTT ST",41.2533679,-72.8993157
9569,"175 WOLCOTT ST",41.253377,-72.899483
9570,"183 WOLCOTT ST",41.315113,-73.0795873
9571,"187 WOLCOTT ST",41.3149398,-73.0793586
9572,"191 WOLCOTT ST",41.4041394,-72.8956943
9573,"193 WOLCOTT ST",41.2553271,-72.8965905
9574,"197 WOLCOTT ST",41.2553271,-72.8965905
9575,"127 JAMES ST",41.4041394,-72.8956943
9576,"133 JAMES ST",41.2553271,-72.8965905
9577,"135 JAMES ST",41.2553271,-72.8965905
9578,"137 JAMES ST",41.2553271,-72.8965905
9579,"141 JAMES ST",41.2553271,-72.8965905
9580,"143 JAMES ST",41.2553271,-72.8965905
9581,"153 JAMES ST",41.2553271,-72.8965905
9582,"342 EXCHANGE ST",41.2553271,-72.8965905
9583,"340 EXCHANGE ST",41.2553271,-72.8965905
9584,"336 EXCHANGE ST",41.2553271,-72.8965905
9585,"334 EXCHANGE ST",41.4041394,-72.8956943
9586,"330 EXCHANGE ST",41.2553271,-72.8965905
9587,"328 EXCHANGE ST",41.2553271,-72.8965905
9588,"320 EXCHANGE ST",41.2553271,-72.8965905
9589,"318 EXCHANGE ST",41.2553271,-72.8965905
9590,"316 EXCHANGE ST",41.2553271,-72.8965905
9591,"312 EXCHANGE ST",41.2553271,-72.8965905
9592,"310 EXCHANGE ST",41.2553271,-72.8965905
9593,"306 EXCHANGE ST",41.2553271,-72.8965905
9594,"190 BLATCHLEY AV",41.4041394,-72.8956943
9595,"184 BLATCHLEY AV",41.2553271,-72.8965905
9596,"178 BLATCHLEY AV",41.4041394,-72.8956943
9597,"174 BLATCHLEY AV",41.2553271,-72.8965905
9598,"168 BLATCHLEY AV",41.4041394,-72.8956943
9599,"129 WOLCOTT ST",41.2553271,-72.8965905
9600,"133 WOLCOTT ST",41.2553271,-72.8965905
9601,"137 WOLCOTT ST",41.2553271,-72.8965905
9602,"141 WOLCOTT ST",41.2553271,-72.8965905
9603,"145 WOLCOTT ST",41.2553271,-72.8965905
9604,"147 WOLCOTT ST",41.4041394,-72.8956943
9605,"175 LLOYD ST",41.4041394,-72.8956943
9606,"183 LLOYD ST",41.2553271,-72.8965905
9607,"288 EXCHANGE ST",41.4041394,-72.8956943
9608,"286 EXCHANGE ST",41.2553271,-72.8965905
9609,"284 EXCHANGE ST",41.4041394,-72.8956943
9610,"282 EXCHANGE ST",41.4041394,-72.8956943
9611,"278 EXCHANGE ST",41.4041394,-72.8956943
9612,"272 EXCHANGE ST",41.2553271,-72.8965905
9613,"268 EXCHANGE ST",41.4041394,-72.8956943
9614,"68 WOOLSEY ST",41.4041394,-72.8956943
9615,"301 EXCHANGE ST",41.254456,-72.899598
9616,"305 EXCHANGE ST",41.2231872,-73.0469139
9617,"309 EXCHANGE ST",41.2543694,-72.8992655
9618,"311 EXCHANGE ST",41.2544667,-72.8991449
9619,"317 EXCHANGE ST",41.25486,-72.8987502
9620,"321 EXCHANGE ST",41.2548733,-72.8981169
9621,"325 EXCHANGE ST",41.2549863,-72.8979663
9622,"329 EXCHANGE ST",41.2550326,-72.8977989
9623,"333 EXCHANGE ST",41.2550898,-72.8976745
9624,"337 EXCHANGE ST",41.2551416,-72.8975558
9625,"341 EXCHANGE ST",40.898814,-73.396722
9626,"161 JAMES ST",40.898814,-73.396722
9627,"165 JAMES ST",40.898733,-73.3974549
9628,"169 JAMES ST",40.898733,-73.3974549
9629,"173 JAMES ST",41.2553408,-72.8971717
9630,"175 JAMES ST",41.2555823,-72.8969657
9631,"JAMES ST",41.2556421,-72.8966466
9632,"181 JAMES ST",41.2545589,-72.898066
9633,"96 WOOLSEY ST",41.2547101,-72.8975421
9634,"92 WOOLSEY ST",40.6004643,-73.752093
9635,"90 WOOLSEY ST",40.6004643,-73.752093
9636,"88 WOOLSEY ST",41.2548411,-72.8973451
9637,"86 WOOLSEY ST",41.2549444,-72.8971453
9638,"84 WOOLSEY ST",41.2549814,-72.8970398
9639,"82 WOOLSEY ST",41.2551436,-72.8966564
9640,"80 WOOLSEY ST",41.2548104,-72.8967933
9641,"78 WOOLSEY ST",41.2547474,-72.8969101
9642,"76 WOOLSEY ST",41.2547333,-72.8970306
9643,"74 WOOLSEY ST",41.254632,-72.897207
9644,"72 WOOLSEY ST",41.254543,-72.897356
9645,"70 WOOLSEY ST",41.2544474,-72.8975141
9646,"210 BLATCHLEY AV",41.2543412,-72.8976569
9647,"206 BLATCHLEY AV",41.2542708,-72.8978231
9648,"202 BLATCHLEY AV",41.2544382,-72.8979051
9649,"198 BLATCHLEY AV",41.2535424,-72.8971536
9650,"196 BLATCHLEY AV",41.2533825,-72.897147
9651,"271 EXCHANGE ST",41.253452,-72.897024
9652,"275 EXCHANGE ST",41.2535356,-72.8969127
9653,"279 EXCHANGE ST",41.2537374,-72.896624
9654,"281 EXCHANGE ST",41.2531259,-72.8965298
9655,"EXCHANGE ST",41.25326,-72.89685
9656,NA,40.6004643,-73.752093
9657,"195 LLOYD ST",41.253125,-72.896893
9658,"203 LLOYD ST",41.252989,-72.896867
9659,"205 LLOYD ST",41.2529434,-72.8980897
9660,"207 LLOYD ST",41.2529434,-72.8980897
9661,"211 LLOYD ST",41.2529434,-72.8980897
9662,"215 LLOYD ST",41.2529434,-72.8980897
9663,"58 WOOLSEY ST",41.2529434,-72.8980897
9664,"56 WOOLSEY ST",41.252832,-72.89685
9665,"52 WOOLSEY ST",41.2527054,-72.896729
9666,"50 WOOLSEY ST",41.252537,-72.8967279
9667,"342 GRAND AV",41.2523984,-72.8966739
9668,"230 LLOYD ST",41.252241,-72.896816
9669,"226 LLOYD ST",41.2521458,-72.8966074
9670,"224 LLOYD ST",41.252001,-72.896612
9671,"220 LLOYD ST",41.251864,-72.896557
9672,"218 LLOYD ST",41.251803,-72.896905
9673,"73 WOOLSEY ST",41.251719,-72.896576
9674,"75 WOOLSEY ST",41.251599,-72.896396
9675,"77 WOOLSEY ST",41.2514672,-72.8963526
9676,"79 WOOLSEY ST",41.251336,-72.8963185
9677,"81 WOOLSEY ST",41.251197,-72.896384
9678,"83 WOOLSEY ST",41.251057,-72.896249
9679,"85 WOOLSEY ST",41.251254,-72.8958281
9680,"87 WOOLSEY ST",41.2512675,-72.8956151
9681,"89 WOOLSEY ST",41.251259,-72.89537
9682,"93 WOOLSEY ST",41.2531259,-72.8965298
9683,"95 WOOLSEY ST",41.3179926,-72.9367264
9684,"97 WOOLSEY ST",41.3018254,-72.9413199
9685,"101 WOOLSEY ST",41.2519259,-72.8955005
9686,"195 JAMES ST",41.2517149,-72.8954931
9687,"197 JAMES ST",41.251681,-72.895679
9688,"394 GRAND AV",41.251593,-72.895926
9689,"390 GRAND AV",41.2517373,-72.896006
9690,"388 GRAND AV",41.251889,-72.89599
9691,"382 GRAND AV",41.252686,-72.896255
9692,"374 GRAND AV",41.252692,-72.8959535
9693,"372 GRAND AV",41.25265,-72.895785
9694,"362 GRAND AV",41.2526785,-72.8956026
9695,"358 GRAND AV",41.252683,-72.895334
9696,"352 GRAND AV",41.2523989,-72.895451
9697,"350 GRAND AV",41.3020566,-72.9414844
9698,"346 GRAND AV",41.301988,-72.941917
9699,"306 GRAND AV",41.252355,-72.896188
9700,"228 BLATCHLEY AV",41.252549,-72.896221
9701,"224 BLATCHLEY AV",41.2526579,-72.894806
9702,"220 BLATCHLEY AV",41.252529,-72.894379
9703,"45 WOOLSEY ST",41.2528723,-72.8953688
9704,"51 WOOLSEY ST",41.252287,-72.894538
9705,"53 WOOLSEY ST",41.252021,-72.89463
9706,"55 WOOLSEY ST",41.251657,-72.894865
9707,"57 WOOLSEY ST",41.2520134,-72.8949619
9708,"217 LLOYD ST",41.2521285,-72.8949205
9709,"221 LLOYD ST",41.252294,-72.894887
9710,"225 LLOYD ST",41.252462,-72.894846
9711,"227 LLOYD ST",41.2515,-72.896844
9712,"338 GRAND AV",41.2530157,-72.892575
9713,"334 GRAND AV",41.2530157,-72.892575
9714,"328 GRAND AV",41.2508709,-72.894711
9715,"326 GRAND AV",41.250755,-72.8948039
9716,"322 GRAND AV",41.250593,-72.8949559
9717,"316 GRAND AV",40.7095907,-74.3067388
9718,"314 GRAND AV",41.3740692,-88.439194
9719,"299 CHAPEL ST",41.3740692,-88.439194
9720,"20 MILL ST",41.250772,-72.895945
9721,"281 CHAPEL ST",41.251018,-72.895257
9722,NA,41.25076,-72.893666
9723,NA,41.2530157,-72.892575
9724,NA,41.250547,-72.893944
9725,NA,41.250499,-72.894231
9726,NA,40.70866,-74.305553
9727,NA,40.7969976,-74.4770654
9728,NA,40.8830456,-74.1168816
9729,NA,40.709251,-74.305881
9730,NA,39.9266081,-75.1475916
9731,NA,41.250175,-72.894702
9732,NA,41.250084,-72.894896
9733,NA,41.250365,-72.900566
9734,NA,41.276916,-72.898846
9735,NA,41.2772549,-72.898527
9736,NA,41.277487,-72.898433
9737,NA,41.277646,-72.898376
9738,NA,41.277804,-72.898316
9739,NA,41.277971,-72.898251
9740,NA,41.278179,-72.898172
9741,NA,41.2784179,-72.8984584
9742,NA,41.278063,-72.8974099
9743,NA,41.278099,-72.897657
9744,NA,41.2778149,-72.897673
9745,NA,41.277598,-72.897746
9746,NA,41.277437,-72.8978
9747,NA,41.277278,-72.897854
9748,NA,41.2771128,-72.8978096
9749,NA,41.27681,-72.8978209
9750,NA,41.276836,-72.8980799
9751,NA,41.276866,-72.898339
9752,NA,41.276897,-72.898602
9753,NA,41.276729,-72.897307
9754,NA,41.2769959,-72.89707
9755,NA,41.277176,-72.8970049
9756,NA,41.2774027,-72.897071
9757,NA,41.27754,-72.896903
9758,NA,41.2777079,-72.8968529
9759,NA,41.277867,-72.896805
9760,NA,41.278036,-72.896747
9761,NA,41.277942,-72.896105
9762,NA,41.27774,-72.896154
9763,NA,41.277536,-72.896202
9764,NA,41.2773309,-72.89625
9765,NA,41.277127,-72.896298
9766,NA,41.276922,-72.896346
9767,NA,41.276621,-72.89642
9768,"267 CHAPEL ST",41.276693,-72.896972
9769,NA,41.278588,-72.898139
9770,NA,41.278773,-72.898051
9771,NA,41.278914,-72.897908
9772,NA,41.279083,-72.897847
9773,NA,41.279328,-72.897762
9774,"263 CHAPEL ST",41.279568,-72.897673
9775,"MILL RIVER #FRONT",41.279732,-72.897613
9776,"WOLCOTT ST",41.2799139,-72.8976649
9777,"260 WOLCOTT ST",41.280059,-72.897494
9778,"50 MILL ST",41.28022,-72.897433
9779,"MILL RIVER #FRONT",41.280378,-72.897376
9780,NA,41.2805523,-72.8974163
9781,NA,41.2807318,-72.897374
9782,NA,41.280686,-72.897125
9783,NA,41.280612,-72.896736
9784,NA,41.280436,-72.896793
9785,NA,41.280257,-72.896728
9786,NA,41.2801199,-72.8969
9787,NA,41.279945,-72.8968586
9788,NA,41.279797,-72.897011
9789,NA,41.279604,-72.8969841
9790,NA,41.279469,-72.897121
9791,"100 JAMES ST",41.279306,-72.897177
9792,NA,41.2791087,-72.8970878
9793,NA,41.278982,-72.897281
9794,NA,41.278811,-72.897339
9795,NA,41.278646,-72.8973929
9796,NA,41.278477,-72.897457
9797,NA,41.278608,-72.89782
9798,NA,41.278372,-72.896668
9799,NA,41.278536,-72.8966049
9800,NA,41.278702,-72.89655
9801,NA,41.278861,-72.8965
9802,NA,41.279017,-72.89645
9803,NA,41.2792088,-72.8964953
9804,NA,41.279344,-72.896351
9805,NA,41.2795108,-72.896415
9806,"275 WOLCOTT ST",41.279668,-72.896253
9807,"261 WOLCOTT ST",41.279825,-72.896205
9808,"390 EXCHANGE ST",41.279981,-72.896152
9809,"EXCHANGE ST",41.280139,-72.896106
9810,"148 JAMES ST",41.280304,-72.89605
9811,"144 JAMES ST",41.2804829,-72.895996
9812,"241 WOLCOTT ST",41.280366,-72.89545
9813,"458 GRAND AV",41.280153,-72.895514
9814,"444 GRAND AV",41.2799369,-72.895582
9815,"424 GRAND AV",41.279727,-72.895639
9816,"HAVEN ST",41.279523,-72.895695
9817,"2 HAVEN ST",41.279319,-72.895746
9818,"162 JAMES ST",41.2791179,-72.895798
9819,NA,41.278914,-72.8958509
9820,"11 HAVEN ST",41.2787099,-72.895905
9821,"19 HAVEN ST",41.278508,-72.895962
9822,"21 HAVEN ST",41.278306,-72.896015
9823,"25 HAVEN ST",41.2805,-72.898655
9824,"29 HAVEN ST",41.2805,-72.898655
9825,"33 HAVEN ST",41.2805,-72.898655
9826,"37 HAVEN ST",41.2805,-72.898655
9827,"41 HAVEN ST",41.2805,-72.898655
9828,"45 HAVEN ST",41.2805,-72.898655
9829,"406 GRAND AV",41.2805,-72.898655
9830,"410 GRAND AV",41.2805,-72.898655
9831,"400 GRAND AV",41.2805,-72.898655
9832,"200 JAMES ST",41.2805,-72.898655
9833,"198 JAMES ST",41.2805,-72.898655
9834,"196 JAMES ST",41.2805,-72.898655
9835,"194 JAMES ST",41.2805,-72.898655
9836,"192 JAMES ST",41.2805,-72.898655
9837,"192 JAMES ST",41.2805,-72.898655
9838,"188 JAMES ST",41.2805,-72.898655
9839,"186 JAMES ST",41.2805,-72.898655
9840,"184 JAMES ST",41.2805,-72.898655
9841,"182 JAMES ST",41.2805,-72.898655
9842,"JAMES ST",41.2805,-72.898655
9843,"172 JAMES ST",41.2805,-72.898655
9844,"168 JAMES ST",41.2805,-72.898655
9845,"CHAPEL ST",41.2805,-72.898655
9846,"17 JAMES ST",41.2805,-72.898655
9847,"198 RIVER ST",41.2805,-72.898655
9848,"34 LLOYD ST",41.2805,-72.898655
9849,"5 JAMES ST",41.2805,-72.898655
9850,"5 JAMES ST",41.2805,-72.898655
9851,"264 CHAPEL ST",41.280841,-72.898468
9852,"252 CHAPEL ST",41.280841,-72.8978407
9853,"250 CHAPEL ST",41.2729832,-72.900351
9854,"246 CHAPEL ST",41.2720981,-72.8948937
9855,"242 CHAPEL ST",41.273269,-72.900009
9856,"234 CHAPEL ST",41.2734468,-72.9001202
9857,"226 CHAPEL ST",41.273578,-72.9000869
9858,"222 CHAPEL ST",41.273663,-72.899821
9859,"218 CHAPEL ST",41.273796,-72.899769
9860,"204 CHAPEL ST",41.273956,-72.899711
9861,"185 RIVER ST",41.274263,-72.899806
9862,"197 RIVER ST",41.274217,-72.899527
9863,"205 RIVER ST",41.2742431,-72.8992508
9864,"25 JAMES ST",41.2742026,-72.8990384
9865,"WATER ST",41.2742032,-72.8988121
9866,"26 WATER ST",41.274104,-72.898647
9867,"28 WATER ST",41.273848,-72.898988
9868,"15 FORBES AV",41.273677,-72.899057
9869,"FORBES AV",41.273507,-72.899119
9870,"FORBES AV",41.273357,-72.89917
9871,"FORBES AV",41.27321,-72.8992449
9872,"358 CHAPEL ST",41.2729069,-72.899042
9873,"340 CHAPEL ST",41.27292,-72.899236
9874,"347 CHAPEL ST",41.2728658,-72.8994352
9875,"259 EAST ST",41.272955,-72.899593
9876,"RAILROAD AV",41.2729164,-72.8998017
9877,"293 EAST ST",41.272926,-72.8999901
9878,"295 EAST ST",41.2729494,-72.900153
9879,"301 EAST ST",41.272948,-72.898589
9880,"EAST ST",41.273265,-72.898127
9881,"335 EAST ST",41.273439,-72.8983685
9882,"550 GRAND AV",41.273558,-72.898148
9883,"520 GRAND AV",41.273699,-72.898089
9884,"510 GRAND AV",41.2741,-72.8981
9885,"481 GRAND AV",41.273885,-72.8981529
9886,"483 GRAND AV",41.273973,-72.89779
9887,"485 GRAND AV",41.273795,-72.897608
9888,"487 GRAND AV",41.2738749,-72.8973649
9889,"489 GRAND AV",41.273943,-72.896932
9890,"499 GRAND AV",41.273679,-72.896991
9891,"517 GRAND AV",41.273461,-72.897152
9892,"529 GRAND AV",41.273283,-72.897215
9893,"539 GRAND AV",41.273139,-72.897251
9894,"555 GRAND AV",40.6004643,-73.752093
9895,"19 NEW ST",41.272767,-72.8981979
9896,"59 NEW ST",41.2729511,-72.8984406
9897,"NEW ST",41.274767,-72.89965
9898,"RAILROAD AV",41.2750336,-72.8995125
9899,"409 EAST ST",41.2751639,-72.899349
9900,"EAST ST",41.2753241,-72.8993963
9901,"EAST ST",41.2754565,-72.8993472
9902,"106 HAVEN ST",41.275561,-72.899197
9903,"104 HAVEN ST",41.2757463,-72.8992278
9904,"102 HAVEN ST",41.2805178,-72.8977366
9905,"98 HAVEN ST",41.2805178,-72.8977366
9906,NA,41.2805178,-72.8977366
9907,"94 HAVEN ST",41.2805178,-72.8977366
9908,"90 HAVEN ST",41.2805178,-72.8977366
9909,"88 HAVEN ST",41.275931,-72.89904
9910,"84 HAVEN ST",41.2763437,-72.8990287
9911,"82 HAVEN ST",41.2763073,-72.8987843
9912,"80 HAVEN ST",41.276197,-72.898549
9913,"76 HAVEN ST",41.276167,-72.898297
9914,"74 HAVEN ST",41.276136,-72.898038
9915,"72 HAVEN ST",41.275881,-72.898301
9916,"70 HAVEN ST",41.275735,-72.898365
9917,"66 HAVEN ST",41.275582,-72.898419
9918,"HAVEN ST",41.2782363,-72.8971325
9919,"425 GRAND AV",41.2782363,-72.8971325
9920,"447 GRAND AV",41.275397,-72.898416
9921,NA,41.2752439,-72.8983682
9922,"451 GRAND AV",41.275115,-72.89851
9923,"262 JAMES ST",41.2749386,-72.8984392
9924,"260 JAMES ST",41.2746337,-72.8985343
9925,"258 JAMES ST",41.2746939,-72.898771
9926,"254 JAMES ST",41.2747699,-72.899098
9927,"252 JAMES ST",41.274724,-72.899405
9928,NA,40.6004643,-73.752093
9929,"250 JAMES ST",41.274847,-72.897679
9930,"248 JAMES ST",41.274992,-72.897615
9931,"244 JAMES ST",41.2751834,-72.8977941
9932,"238 JAMES ST",41.275296,-72.897537
9933,"230 JAMES ST",41.2754831,-72.8977115
9934,"399 GRAND AV",41.2756527,-72.8976534
9935,"405 GRAND AV",41.27579,-72.897401
9936,"411 GRAND AV",41.2759799,-72.897504
9937,"413 GRAND AV",41.276161,-72.897451
9938,"67 HAVEN ST",41.2766568,-72.8970086
9939,"71 HAVEN ST",41.276022,-72.896562
9940,"73 HAVEN ST",41.275788,-72.896616
9941,"75 HAVEN ST",41.275585,-72.896659
9942,"77 HAVEN ST",41.275383,-72.896706
9943,"79 HAVEN ST",41.275179,-72.896752
9944,"85 HAVEN ST",41.274974,-72.896798
9945,"87 HAVEN ST",41.274769,-72.896844
9946,"89 HAVEN ST",41.274551,-72.896767
9947,"93 HAVEN ST",41.274349,-72.896811
9948,"95 HAVEN ST",41.274498,-72.897184
9949,"99 HAVEN ST",41.274527,-72.897423
9950,"101 HAVEN ST",41.274559,-72.897661
9951,"105 HAVEN ST",41.274595,-72.8979729
9952,"109 HAVEN ST",41.2705354,-72.9005086
9953,"120 HAVEN ST",41.270399,-72.900172
9954,"116 HAVEN ST",41.270362,-72.8999149
9955,"227 CLAY ST",41.270314,-72.8996389
9956,"CLAY ST",41.270272,-72.899368
9957,"90 JOHN W MURPHY DR",41.2702389,-72.89919
9958,"104 JOHN W MURPHY DR",41.270218,-72.899019
9959,"292 JAMES ST",41.2702558,-72.8988632
9960,"288 JAMES ST",41.2702313,-72.8986413
9961,"284 JAMES ST",41.270125,-72.8984739
9962,"280 JAMES ST",41.2701511,-72.8982854
9963,"276 JAMES ST",41.2701793,-72.8980582
9964,"272 JAMES ST",41.269836,-72.897509
9965,"117 HAVEN ST",41.26925,-72.897327
9966,"127 HAVEN ST",41.269091,-72.897308
9967,"129 HAVEN ST",41.268944,-72.897323
9968,"131 HAVEN ST",41.268763,-72.897288
9969,"139 HAVEN ST",41.268568,-72.897237
9970,"320 JAMES ST",41.2741667,-72.896459
9971,NA,42.5172298,-83.1848194
9972,"87 MARKET ST",42.5172298,-83.1848194
9973,"89 MARKET ST",42.5172298,-83.1848194
9974,"142 HUMPHREY ST",42.5172298,-83.1848194
9975,"29 MILL RIVER ST",42.5172298,-83.1848194
9976,"27 MILL RIVER ST",42.5172298,-83.1848194
9977,"21 MILL RIVER ST",42.5172298,-83.1848194
9978,"475 EAST ST",42.5172298,-83.1848194
9979,"130 HUMPHREY ST",42.5172298,-83.1848194
9980,"515 EAST ST",42.5172298,-83.1848194
9981,"158 HUMPHREY ST",42.5172298,-83.1848194
9982,"156 HUMPHREY ST",42.5172298,-83.1848194
9983,"32 MILL RIVER ST",42.5172298,-83.1848194
9984,"30 MILL RIVER ST",42.5172298,-83.1848194
9985,"26 MILL RIVER ST",42.5172298,-83.1848194
9986,"22 MILL RIVER ST",42.5172298,-83.1848194
9987,"18 MILL RIVER ST",42.5172298,-83.1848194
9988,"11 WALNUT ST",42.5172298,-83.1848194
9989,"16 MILL RIVER ST",42.5172298,-83.1848194
9990,"13 WALNUT ST",42.5172298,-83.1848194
9991,"15 WALNUT ST",42.5172298,-83.1848194
9992,"483 EAST ST",42.5172298,-83.1848194
9993,"17 WALNUT ST",42.5172298,-83.1848194
9994,"485 EAST ST",42.5172298,-83.1848194
9995,"487 EAST ST",42.5172298,-83.1848194
9996,"489 EAST ST",42.5172298,-83.1848194
9997,"493 EAST ST",42.5172298,-83.1848194
9998,"495 EAST ST",42.5172298,-83.1848194
9999,"499 EAST ST",42.5172298,-83.1848194
